pixel_no,pixel_x,pixel_y,latitude,longitude,C12_real_mean,C12_real_sigma,C11_mean,C11_sigma,C12_imag_mean,C12_imag_sigma,C22_mean,C22_sigma
1,493,0,12.2658935401989,76.2177132077499,19.027765,886.50024,14121.303,2681.7886,862.06946,201.2268,5033.775,830.20435
2,493,1,12.2657691959118,76.2176880212436,-365.91855,918.38245,15828.298,4056.8674,670.2537,351.47964,4889.976,739.6544
3,493,2,12.2656448516246,76.2176628347374,-1067.7556,753.6467,17985.633,3536.9775,235.77592,581.30975,4921.1187,534.8071
4,493,3,12.2655205073374,76.2176376482312,-1266.8667,690.026,19028.32,3166.0374,-268.4648,631.792,5042.963,494.5821
5,493,4,12.2653961630502,76.217612461725,-989.32776,910.6905,19735.879,3073.0547,-665.2389,610.0564,4828.5146,771.31744
6,493,5,12.265271818763,76.2175872752187,-403.47223,841.57477,20565.406,3431.3281,-1277.5537,1213.3292,4530.7017,792.1427
7,493,6,12.2651474744758,76.2175620887125,-6.3425922,472.50046,21988,2406.829,-2022.2556,1369.5901,4187.311,407.2316
8,493,7,12.2650231301886,76.2175369022063,123.73334,286.03824,21900.654,1788.6687,-2426.6963,1208.2554,4248.813,409.86456
9,493,8,12.2648987859014,76.2175117157,154.35742,364.25824,20957.523,2079.0625,-2358.0222,1001.12616,4248.676,644.80884
10,493,9,12.2647744416142,76.2174865291938,489.18704,673.6055,19950.805,2066.8882,-1835.1981,1053.6323,4327.2095,826.09784
11,493,10,12.264650097327,76.2174613426876,1162.9019,1025.5251,18791.914,2149.2588,-1514.0648,889.6053,4532.065,831.7305
12,493,11,12.2645257530398,76.2174361561813,1590.7334,1208.1567,18349.69,2028.0149,-999.18335,808.94165,4723.0947,627.1457
13,493,12,12.2644014087526,76.2174109696751,1871.0315,1146.8634,17658.396,1251.0963,-644.3129,509.91675,4754.6724,453.41837
14,493,13,12.2642770644654,76.2173857831688,1797.7296,1172.797,17410.22,976.7659,-581.4778,466.19147,4496.4556,570.24243
15,493,14,12.2641527201783,76.2173605966626,1655.7648,862.50836,17011.334,906.7212,-856.75183,444.11377,3955.574,837.3778
16,493,15,12.2640283758911,76.2173354101563,1062.6296,1030.8678,15909.99,1707.3287,-1033.476,345.6067,3087.9258,899.56805
17,493,16,12.2639040316039,76.2173102236501,325.26297,789.9612,14250,2338.3765,-876.89813,420.3571,2515.187,543.13477
18,493,17,12.2637796873167,76.2172850371438,-271.6463,438.87866,12417.58,1486.5928,-459.92963,516.61127,2438.9963,408.46365
19,493,18,12.2636553430295,76.2172598506375,-431.6,291.83627,11823.593,939.0008,-255.77222,334.68216,2519.1296,365.28824
20,493,19,12.2635309987423,76.2172346641313,-610.08887,393.90692,11626.056,992.0253,-91.35371,334.993,2749.7925,363.58722
21,493,20,12.2634066544551,76.217209477625,-709.3555,409.90396,11824.349,958.41345,-83.56852,308.77957,3047.0444,696.83484
22,493,21,12.2632823101679,76.2171842911187,-893.10187,285.21875,12412.657,1529.8438,56.588886,269.12735,3768.9277,810.7824
23,493,22,12.2631579658807,76.2171591046124,-857.4056,282.48114,13617.889,1925.4255,-94.73889,338.90396,4304.6924,597.8879
24,493,23,12.2630336215935,76.2171339181062,-809.95,308.21912,14900.959,1977.8655,-163.12038,292.7244,4590.88,418.0594
25,493,24,12.2629092773063,76.2171087315999,-810.49634,340.44385,16778.047,2842.357,-544.8778,811.26276,4691.246,406.19434
26,493,25,12.2627849330191,76.2170835450936,-1009.1056,424.75296,19902.055,4561.2026,-718.8185,1114.4447,4676.45,557.5098
27,493,26,12.2626605887319,76.2170583585873,-905.41113,613.815,23390.98,5114.7114,-1155.4259,1229.3295,4692.6035,827.3007
28,493,27,12.2625362444448,76.217033172081,-865.6685,627.32196,24946.805,5218.455,-1010.50366,1314.804,4479.052,918.60333
29,493,28,12.2624119001576,76.2170079855747,-824.85187,621.6875,24454.234,5248.222,-876.6111,1234.918,4273.3647,919.0759
30,493,29,12.2622875558704,76.2169827990684,-869.6963,467.5759,22719.805,4008.2388,-725.1852,1124.3894,4217.402,692.5587
31,493,30,12.2621632115832,76.2169576125622,-696.2407,566.5677,21020.676,2929.475,-761.3204,1081.0946,4305.6113,794.47406
32,493,31,12.262038867296,76.2169324260559,-547.7222,433.8233,18850.084,2509.312,-494.2926,1259.943,4729.191,1037.7826
33,493,32,12.2619145230088,76.2169072395496,-675.5945,508.0229,16480.408,2636.7627,-0.5611064,1136.0095,5008.0684,1021.1418
34,493,33,12.2617901787216,76.2168820530432,-834.6556,369.35648,14600.028,1648.8911,266.29816,770.80115,5101.948,804.3931
35,493,34,12.2616658344344,76.2168568665369,-838.80554,262.30432,13929.413,1405.4344,262.90558,426.33633,4974.094,479.80008
36,493,35,12.2615414901472,76.2168316800307,-858.08887,311.11154,13849.13,1913.43,114.23704,547.333,4621.6665,455.01572
37,493,36,12.26141714586,76.2168064935243,-714.60925,445.65952,14249.2295,2215.8828,-2.162963,528.1053,4424.748,610.86774
38,493,37,12.2612928015728,76.216781307018,-455.6111,560.35565,15469.893,3073.0144,-361.5685,673.5334,4118.7036,576.7969
39,493,38,12.2611684572856,76.2167561205117,-47.81667,532.1329,17905.46,3579.819,-720.57965,585.4632,4047.185,671.959
40,493,39,12.2610441129985,76.2167309340054,137.86852,597.53265,19972.809,2519.0771,-821.9778,674.87964,4095.187,587.966
41,493,40,12.2609197687113,76.2167057474991,611.58704,1001.2089,21342.898,1908.3025,-345.80185,1116.9204,4384.537,696.09875
42,493,41,12.2607954244241,76.2166805609927,609.25,1001.08374,21225.945,1383.8969,359.1111,1259.9336,4689.0835,611.84875
43,493,42,12.2606710801369,76.2166553744864,504.7852,1004.25775,20625.783,1919.3954,785.9963,1037.3461,4805.789,534.61646
44,493,43,12.2605467358497,76.2166301879801,416.62592,1004.0985,19456.738,1345.0332,830.5722,833.11707,4706.528,364.11865
45,493,44,12.2604223915625,76.2166050014738,405.75186,975.91437,18422.79,1147.0992,657.7389,527.83466,4685.5464,344.90628
46,493,45,12.2602980472753,76.2165798149674,462.9648,1040.5083,18335.94,707.2063,105.81297,1001.11676,4853.2275,430.51294
47,493,46,12.2601737029881,76.2165546284611,-55.23519,855.977,18600.146,1033.2021,-209.8574,1206.8397,4882.337,419.88898
48,493,47,12.2600493587009,76.2165294419547,-479.2611,967.6673,19360.445,770.0027,-591.7889,1079.3678,4730.913,477.4676
49,493,48,12.2599250144137,76.2165042554484,-527.69073,973.11615,19564.91,1376.9296,-622.3426,990.7603,4371.1816,431.8355
50,493,49,12.2598006701265,76.2164790689421,-64.666664,1244.8962,19788.27,1671.859,-777.9389,561.90784,4337.872,528.83
51,493,50,12.2596763258393,76.2164538824357,1223.9185,1684.5415,20590.299,2322.4133,-841.6852,570.4988,4438.715,653.3092
52,493,51,12.2595519815521,76.2164286959294,2667.487,1952.8707,21888.547,2476.649,-499.2463,644.24725,4770.55,694.7873
53,493,52,12.259427637265,76.216403509423,3142.75,1672.3784,23111.62,2119.914,-684.27594,705.24994,5019.1797,570.688
54,493,53,12.2593032929778,76.2163783229167,3059.0925,1632.4656,23974.697,3025.2654,-764.6037,740.71204,5323.8906,530.1388
55,493,54,12.2591789486906,76.2163531364103,2494.515,1152.7965,24621.086,3516.3523,-1106.9093,362.60483,5268.254,473.43896
56,493,55,12.2590546044034,76.216327949904,2268.2166,1092.1495,25076.824,3646.2893,-796.4074,912.899,5051.5405,621.88416
57,493,56,12.2589302601162,76.2163027633976,1392.7241,1501.9592,25301.791,3606.7417,-360.9148,984.0283,4601.9834,495.66037
58,493,57,12.258805915829,76.2162775768913,-255.62593,1928.1094,25835.041,3556.8037,-8.149995,892.15753,4510.3594,444.26703
59,493,58,12.2586815715418,76.2162523903849,-1455.1444,1322.2197,26449.535,3206.5059,83.81667,340.3228,4523.1445,436.33228
60,493,59,12.2585572272546,76.2162272038785,-1923.2185,820.251,25356.291,3162.1956,200.61667,421.4363,4349.841,489.65268
61,493,60,12.2584328829674,76.2162020173722,-1247.8241,1027.6437,21907.877,4581.0728,409.37964,433.90564,4063.2832,469.38678
62,493,61,12.2583085386802,76.2161768308658,-508.54074,907.16766,18034.678,3262.3127,574.09814,271.16168,3644.7222,382.49237
63,493,62,12.258184194393,76.2161516443594,129.71297,419.49002,16510.715,1355.0322,350.7296,406.40857,3568.7,358.31
64,493,63,12.2580598501058,76.2161264578531,297.09445,256.8611,15885.739,1529.6232,242.53703,315.5455,3406.876,353.91885
65,493,64,12.2579355058186,76.2161012713467,161.88704,405.99557,15737.465,1653.2682,-295.71667,757.57605,3211.5962,485.23904
66,493,65,12.2578111615315,76.2160760848403,90.08334,556.8888,13917.324,1426.1111,-669.4667,855.87665,3019.9038,390.10757
67,493,66,12.2576868172443,76.2160508983339,258.11298,723.2551,12628.15,1819.9745,-1230.9556,405.9959,3040.2517,453.55725
68,493,67,12.2575624729571,76.2160257118275,456.8389,747.0468,11532.731,729.4274,-1316.1462,336.67328,3188.5408,420.8209
69,493,68,12.2574381286699,76.2160005253211,641.5518,656.31537,11088.83,593.8436,-1416.6149,295.44833,3247.6648,377.39816
70,493,69,12.2573137843827,76.2159753388148,934.5426,725.67633,11513.985,785.61365,-1491.189,276.9699,3408.0962,419.5045
71,493,70,12.2571894400955,76.2159501523084,1294.0074,588.3844,12313.653,1618.0051,-1367.7686,358.2378,3762.6204,489.01047
72,493,71,12.2570650958083,76.215924965802,1703.2722,304.24057,14565.169,2839.1199,-1065.7167,487.6755,4154.2354,312.88098
73,493,72,12.2569407515211,76.2158997792956,2111.2852,710.0317,16508.963,2515.2463,-445.21667,665.77844,4382.3926,240.262
74,493,73,12.2568164072339,76.2158745927892,1992.3833,873.2576,17212.38,1705.4034,221.4037,811.1501,4350.0073,269.58743
75,493,74,12.2566920629467,76.2158494062828,1645.5834,1028.7798,16548.441,1326.3722,749.88336,566.225,4220.783,343.01
76,493,75,12.2565677186595,76.2158242197764,1205.6426,535.0069,15377.971,868.40686,1017.96295,408.98486,3992.7039,266.95575
77,493,76,12.2564433743723,76.21579903327,939.27405,657.04694,14205.637,1416.4569,725.9537,524.56836,3919.1926,272.56543
78,493,77,12.2563190300852,76.2157738467636,687.6278,829.45056,13299.833,1027.5791,-31.46667,1061.5807,4058.1333,413.67984
79,493,78,12.256194685798,76.2157486602572,261.11298,517.47003,12837.698,603.3076,-383.1537,747.2076,4184.0312,626.31244
80,493,79,12.2560703415108,76.2157234737508,58.62593,376.30545,12704.976,619.86566,-829.0241,790.2902,4400.152,603.3186
81,493,80,12.2559459972236,76.2156982872444,-262.85,528.1751,12444.711,1178.4569,-653.3204,764.83734,4501.5425,640.7292
82,493,81,12.2558216529364,76.215673100738,-400.9037,537.1661,12343.011,1221.5452,-96.346306,1525.1268,4541.211,590.8664
83,493,82,12.2556973086492,76.2156479142315,-604.6778,552.7466,12261.806,1350.6876,806.66113,1305.7513,4561.4517,723.844
84,493,83,12.255572964362,76.2156227277251,-673.6037,578.7993,12496.81,963.4036,1476.2334,555.713,4339.9575,728.92334
85,493,84,12.2554486200748,76.2155975412187,-647.66113,489.59286,12047.461,878.6533,1238.5834,396.8786,4243.6963,610.22784
86,493,85,12.2553242757876,76.2155723547123,-405.7648,549.47614,12136.946,835.9908,986.72406,411.37637,4111.974,400.19955
87,493,86,12.2551999315004,76.2155471682059,-94.53889,293.38522,12235.248,1010.313,682.53705,458.1939,4103.1035,327.98264
88,493,87,12.2550755872132,76.2155219816994,14.507411,368.11963,12684.674,818.42096,392.12595,481.64038,3974.4944,407.4561
89,493,88,12.254951242926,76.215496795193,-20.474075,698.57196,13188.981,1352.7766,19.490747,582.0467,3995.763,378.7357
90,493,89,12.2548268986388,76.2154716086866,-277.8185,934.5077,13930.124,1916.6177,31.588898,820.03485,4254.6035,672.6419
91,493,90,12.2547025543517,76.2154464221802,-576.57776,953.8181,15279.967,2225.3474,683.4093,1592.2998,4792.4795,635.2337
92,493,91,12.2545782100645,76.2154212356737,-806.2426,678.11395,15614.312,1980.0072,1329.8907,1473.4883,5154.637,628.6261
93,493,92,12.2544538657773,76.2153960491673,-522.0926,1012.9933,15538.239,2143.0325,1494.7074,1319.1295,5460.95,930.55554
94,493,93,12.2543295214901,76.2153708626608,-53.11667,1207.5266,14892.409,1789.486,900.66296,948.0682,5578.3613,1206.6681
95,493,94,12.2542051772029,76.2153456761544,488.28336,1252.9376,15057.593,1581.7944,618.70184,584.35724,5711.0146,1411.0763
96,493,95,12.2540808329157,76.215320489648,842.5093,977.4798,15413.052,2224.129,565.57965,503.0506,5883.698,1206.7882
97,493,96,12.2539564886285,76.2152953031415,485.1815,1055.3258,16798.736,3596.9524,742.25,509.2187,5822.252,969.6751
98,493,97,12.2538321443413,76.2152701166351,560.5574,1030.942,18391.37,4575.3516,-85.19444,1415.2189,6004.1187,598.2377
99,493,98,12.2537078000541,76.2152449301286,355.6889,1019.9254,19433.361,4314.458,-589.56665,1284.4357,6028.8574,682.23303
100,493,99,12.2535834557669,76.2152197436222,555.07776,868.7859,19760.797,4006.2976,-889.363,1112.336,5962.911,947.0115
101,493,100,12.2534591114797,76.2151945571158,272.01297,755.0224,19409.998,3152.3823,-390.10184,882.536,5333.0664,1174.4683
102,493,101,12.2533347671925,76.2151693706093,75.78148,623.5242,18807.77,2849.6838,80.69446,1053.5541,4769.25,947.2558
103,493,102,12.2532104229053,76.2151441841028,-309.1889,886.3266,17847.451,2511.7163,380.46295,972.7411,4433.0835,750.3811
104,493,103,12.2530860786182,76.2151189975964,-677.02594,872.35156,17107.443,2154.617,399.17038,996.2589,4276.539,809.4788
105,493,104,12.252961734331,76.2150938110899,-872.0852,1016.91693,16290.69,2252.4878,32.594444,890.6496,4256.8296,827.86096
106,493,105,12.2528373900438,76.2150686245835,-572.9426,1263.6375,16239.874,1831.563,-538.4778,579.685,4506.752,881.93695
107,493,106,12.2527130457566,76.215043438077,-510.9389,1134.036,16253.274,1668.8734,-489.32407,639.15424,4811.287,685.90314
108,493,107,12.2525887014694,76.2150182515705,-497.5315,941.92816,16722.047,990.7746,-93.24815,839.9073,4754.7334,635.94934
109,493,108,12.2524643571822,76.2149930650641,-687.6648,497.38065,17009.809,1672.399,620.09625,811.3788,4096.033,935.83606
110,493,109,12.252340012895,76.2149678785576,-796.1685,765.3656,17370.578,1472.277,1053.3647,427.37552,3448.1667,810.68604
111,493,110,12.2522156686078,76.2149426920512,-638.2,784.17084,17663.79,1399.2399,1216.8407,305.39258,2822.0332,281.75687
112,493,111,12.2520913243206,76.2149175055447,-692.19446,862.49426,17695.656,1103.5769,907.12036,494.85672,2673.1648,236.501
113,493,112,12.2519669800334,76.2148923190382,-699.5093,890.33984,17533.2,1417.808,584.46295,519.5283,2756.074,335.24557
114,493,113,12.2518426357462,76.2148671325317,-792.3759,922.66925,16900.035,1762.9359,-42.29815,597.2775,3228.4648,619.3177
115,493,114,12.251718291459,76.2148419460253,-905.11664,815.55566,15388.653,1984.1483,-346.22778,621.4354,3948.3,889.1213
116,493,115,12.2515939471719,76.2148167595188,-884.85925,889.0799,14460.354,1232.7748,-588.0704,522.8505,4227.9595,781.5975
117,493,116,12.2514696028847,76.2147915730123,-955.4111,792.13434,13519.322,1261.9264,-568.2074,440.66025,4328.1313,1199.2806
118,493,117,12.2513452585975,76.2147663865058,-924.187,829.474,13074.004,1720.2863,-498.18332,442.3668,3983.6333,1182.065
119,493,118,12.2512209143103,76.2147411999994,-1175.0166,750.54285,12783.855,1937.5352,-234.06296,527.71985,3715.5464,1203.6282
120,493,119,12.2510965700231,76.2147160134929,-1200.4055,705.2083,12839.742,1975.0784,86.12038,525.94763,3135.4277,818.43146
121,493,120,12.2509722257359,76.2146908269864,-961.8296,818.2837,13711.437,2445.5022,286.66296,328.52448,2616.4482,620.6377
122,493,121,12.2508478814487,76.2146656404799,-608.56665,386.0008,13430.678,2191.9543,418.84628,376.58792,2344.2593,383.00415
123,493,122,12.2507235371615,76.2146404539734,-291.3278,509.34818,13480.361,2361.3462,436.8074,342.4603,2160.7703,398.72278
124,493,123,12.2505991928743,76.2146152674669,7.874071,675.1281,12324.721,2519.2043,432.7241,412.13043,2106.3186,366.8611
125,493,124,12.2504748485871,76.2145900809604,194.96666,458.63892,11340.291,2977.7083,350.45926,379.4408,2161.7463,436.37283
126,493,125,12.2503505042999,76.2145648944539,114.25926,450.3662,10001.661,2834.5208,337.05002,346.17444,2398.8462,466.7472
127,493,126,12.2502261600127,76.2145397079474,-170.14073,236.77036,8598.3,2228.7827,293.92963,200.23581,2579.6592,279.8209
128,493,127,12.2501018157255,76.2145145214409,-116.84259,254.12271,7340.4536,1656.7986,241.06111,162.05281,2560.1853,265.19815
129,493,128,12.2499774714384,76.2144893349344,-2.8333333,376.7629,6216.665,971.37585,192.48703,118.66891,2322.9055,294.25204
130,493,129,12.2498531271512,76.2144641484279,123.1443,366.78204,5285.305,1052.3932,109.16369,241.73756,1953.107,494.09985
131,493,130,12.249728782864,76.2144389619214,172.52267,295.8509,4585.1465,1006.32837,-21.00218,231.30817,1494.95,373.11307
132,493,131,12.2496044385768,76.2144137754149,158.41711,297.6021,4236.441,777.8197,-113.13922,173.19955,1333.7648,176.18655
133,493,132,12.2494800942896,76.2143885889084,109.902435,322.28552,4492.308,996.50336,-142.17328,200.38063,1351.0483,267.45444
134,493,133,12.2493557500024,76.2143634024019,-38.798145,497.2949,5149.246,1260.1503,-193.73705,287.00543,1593.7352,341.7691
135,493,134,12.2492314057152,76.2143382158954,-412.3426,572.1676,7219.033,3074.5972,-116.30185,333.69104,1972.7982,589.11414
136,493,135,12.249107061428,76.2143130293889,-712.1852,535.9508,9961.169,3568.5183,-169.87407,368.74234,2416.387,490.05127
137,493,136,12.2489827171408,76.2142878428824,-473.92776,805.0736,12427.06,2039.5734,-400.3852,528.8094,2841.8445,323.1293
138,493,137,12.2488583728536,76.2142626563759,-15.503693,801.9597,13814.56,1148.4794,-790.8852,383.40814,3051.7834,564.9789
139,493,138,12.2487340285664,76.2142374698694,530.7963,439.97708,14188.494,1220.8596,-995.6055,175.44176,3292.813,543.3987
140,493,139,12.2486096842792,76.2142122833629,481.15186,308.86298,14990.391,2027.8647,-765.10925,423.89328,3615.1926,726.524
141,493,140,12.2484853399921,76.2141870968563,361.60187,516.0984,16373.841,3259.8533,-723.12036,394.4913,3855.7166,893.331
142,493,141,12.2483609957049,76.2141619103498,-151.01112,660.7102,17223.537,3477.0881,-676.62775,471.95834,3650.4888,1081.2953
143,493,142,12.2482366514177,76.2141367238433,-682.33093,769.13226,16192.814,4173.9844,-775.7551,592.28564,3192.2083,1022.0624
144,493,143,12.2481123071305,76.2141115373368,-833.1976,492.4727,13115.293,4085.7603,-619.94586,598.6356,2597.5896,481.22205
145,493,144,12.2479879628433,76.2140863508303,-755.5642,480.5978,10412.124,2387.515,-532.4922,499.79712,2474.3396,270.6269
146,493,145,12.2478636185561,76.2140611643237,-380.92593,274.17496,9074,610.8955,-627.4592,305.80072,2505.4,302.33426
147,493,146,12.2477392742689,76.2140359778172,-259.3037,356.9509,8655.613,551.77057,-657.9259,325.89536,2725.5723,189.1893
148,493,147,12.2476149299817,76.2140107913107,7.1944427,278.0488,8526.783,561.7198,-625.0518,310.69592,2805.7573,114.74486
149,493,148,12.2474905856945,76.2139856048042,153.44444,211.45103,8510.568,555.61536,-237.82037,467.0059,2878.4128,232.71979
150,493,149,12.2473662414073,76.2139604182976,210.29259,351.14035,8811.57,887.03796,187.26111,591.0434,2858.0295,403.62717
151,493,150,12.2472418971201,76.2139352317911,166.14075,686.86316,9170.473,1219.661,605.9,314.8658,2717.1575,542.81537
152,493,151,12.2471175528329,76.2139100452846,259.62222,905.23047,9663.939,1495.0813,640.1389,230.69473,2545.6667,483.138
153,493,152,12.2469932085457,76.213884858778,515.4778,1103.5096,10162.665,2150.3296,357.58517,370.12656,2643.9556,447.584
154,493,153,12.2468688642586,76.2138596722715,474.9685,1024.1836,11054.474,2659.9592,144.21666,345.13382,2918.3704,401.87613
155,493,154,12.2467445199714,76.213834485765,416.69446,882.6993,12188.85,2847.523,-124.73703,371.85413,3416.6406,628.223
156,493,155,12.2466201756842,76.2138092992584,170.87593,482.97662,13571.754,2883.8667,-344.6037,489.88278,3882.2612,793.61646
157,493,156,12.246495831397,76.2137841127519,46.381477,698.0065,15039.94,2449.2878,-503.56113,348.28696,4220.47,679.16284
158,493,157,12.2463714871098,76.2137589262454,-567.3852,969.38416,16730.953,3018.0679,-383.40372,492.08337,4352.687,722.90894
159,493,158,12.2462471428226,76.2137337397388,-1075.3204,935.18225,17561.979,2805.6313,-334.48148,637.6573,5159.626,2061.5986
160,493,159,12.2461227985354,76.2137085532323,-1137.287,761.017,18052.408,3016.9214,-496.94446,740.14355,5772.0815,2303.7505
161,493,160,12.2459984542482,76.2136833667257,-636.69446,848.3117,17256.303,2468.786,-404.14813,819.78253,5979.6167,2257.008
162,493,161,12.245874109961,76.2136581802192,35.744446,804.7094,16651.29,2098.4414,-51.000004,877.08356,5474.161,1620.3
163,493,162,12.2457497656738,76.2136329937127,228.84814,757.59045,15858.128,1888.506,395.34445,601.31244,5289.0073,905.7629
164,493,163,12.2456254213866,76.2136078072061,272.25,737.02545,15542.616,1955.4717,316.06482,569.3447,5400.13,593.695
165,493,164,12.2455010770994,76.2135826206996,87.299995,529.46387,15194.095,1811.8947,184.83517,480.14194,5449.722,463.28708
166,493,165,12.2453767328122,76.213557434193,29.698147,592.7941,15170.224,1118.6489,-102.103714,519.15564,5735.598,620.81396
167,493,166,12.2452523885251,76.2135322476864,-147.3352,1056.0934,15177.344,1623.2391,-163.09631,609.31573,6166.159,850.33453
168,493,167,12.2451280442379,76.2135070611799,29.83888,1497.4406,15637.035,2739.3855,-108.251854,621.4618,6815.7812,1378.3654
169,493,168,12.2450036999507,76.2134818746733,186.81296,1422.5897,15436.994,3648.923,573.4352,1011.2759,6812.498,1691.2339
170,493,169,12.2448793556635,76.2134566881668,72.79446,1201.9369,15089.721,3582.9421,1101.3334,909.4553,6263.1055,1948.5839
171,493,170,12.2447550113763,76.2134315016602,-344.35187,700.0241,14100.895,2827.0063,1224.7611,952.95294,5218.3296,1623.8667
172,493,171,12.2446306670891,76.2134063151537,-482.3426,536.0881,13078.231,1559.9243,715.2648,1008.2129,4663.5464,1006.1467
173,493,172,12.2445063228019,76.2133811286471,-458.6463,526.1547,12462.602,1053.4199,691.16296,911.63983,4578.8257,733.1297
174,493,173,12.2443819785147,76.2133559421406,-243.46852,561.3994,12373.256,1790.5898,465.41296,800.6124,4649.87,463.5136
175,493,174,12.2442576342275,76.213330755634,-282.96112,854.3497,13097.072,2600.908,366.40186,755.0612,4618.902,434.6612
176,493,175,12.2441332899403,76.2133055691274,171.90186,883.0052,13982.13,2573.301,625.7833,1123.9287,4547.2944,449.91516
177,493,176,12.2440089456531,76.2132803826209,515.44073,894.6139,14112.008,2027.7885,1401.5927,1200.3167,4386.3813,529.4407
178,493,177,12.2438846013659,76.2132551961143,955.32776,351.06125,13434,1459.2389,1860.5704,559.2726,3952.9167,723.0788
179,493,178,12.2437602570788,76.2132300096077,1004.6148,324.58066,12073.985,1814.0448,1587.3481,565.96857,3616.6685,546.5756
180,493,179,12.2436359127916,76.2132048231012,1036.3982,336.95587,11240.978,1904.9885,1337.65,265.70203,3394.4944,367.7624
181,493,180,12.2435115685044,76.2131796365946,838.7889,418.75873,11323.63,2581.6663,1215.0333,382.8453,3314.087,458.3936
182,493,181,12.2433872242172,76.213154450088,565.0408,644.8567,12475.639,3365.1125,863.15,602.6991,3166.9814,393.362
183,493,182,12.24326287993,76.2131292635815,250.38518,425.5958,12999.93,3205.9468,24.033333,853.93835,3185.8425,298.8491
184,493,183,12.2431385356428,76.2131040770749,174.93518,316.8747,11921.428,3394.4023,-514.1667,634.5411,3075.4536,371.90198
185,493,184,12.2430141913556,76.2130788905683,268.0111,75.602776,9909.324,2194.7883,-652.73334,571.7542,2847.952,507.54605
186,493,185,12.2428898470684,76.2130537040617,358.05,154.29768,9041.833,814.1892,-515.9926,901.399,2700.7778,365.4038
187,493,186,12.2427655027812,76.2130285175552,374.08517,143.01219,8802.74,921.55164,-328.6889,926.6262,2613.824,394.4785
188,493,187,12.242641158494,76.2130033310486,543.42224,237.1005,9095.983,939.75244,-295.90372,982.7344,2761.9277,450.76184
189,493,188,12.2425168142068,76.212978144542,648.7611,381.41074,9338.576,1184.0725,-110.7963,805.5609,2967.05,638.68256
190,493,189,12.2423924699196,76.2129529580355,817.4574,305.80136,9718.015,1266.5493,47.88703,805.8236,3464.363,581.53467
191,493,190,12.2422681256324,76.2129277715289,612.03705,488.79477,10101.983,1233.4071,213.0074,702.7727,3693.9314,292.87863
192,493,191,12.2421437813453,76.2129025850223,255.49074,535.12146,10388.863,1446.1382,305.60556,433.1631,3626.561,393.86905
193,493,192,12.2420194370581,76.2128773985157,214.54816,483.26367,11208.1,1371.6678,33.916656,620.7003,3604.6777,434.80338
194,493,193,12.2418950927709,76.2128522120091,273.1926,489.77524,12124.526,1656.9701,-212.97409,558.85895,3748.6406,443.19568
195,493,194,12.2417707484837,76.2128270255025,699.8778,641.603,12627.83,1639.6586,-669.6278,549.96234,4204.344,521.42224
196,493,195,12.2416464041965,76.212801838996,663.8222,678.22906,13009.174,1671.2595,-665.6963,478.98245,4485.037,514.3724
197,493,196,12.2415220599093,76.2127766524894,479.6778,784.771,13515.616,2005.3806,-749.51666,414.04065,4921.754,577.09326
198,493,197,12.2413977156221,76.2127514659828,-0.20000331,547.7559,14901.891,2496.5447,-819.39075,523.62646,5278.7075,721.9691
199,493,198,12.2412733713349,76.2127262794762,-388.01666,445.7221,16306.146,1998.96,-667.57776,734.12646,5696.6094,561.4717
200,493,199,12.2411490270477,76.2127010929696,-348.8333,783.73254,18056.738,1778.3811,-685.37964,876.0191,5945.3906,441.8627
201,493,200,12.2410246827605,76.212675906463,-281.44998,810.7121,18804.727,1281.76,-289.78705,699.9024,5970.193,631.26135
202,493,201,12.2409003384733,76.2126507199565,-360.78146,874.3715,20115.426,1141.3412,212.47408,1089.1906,5945.159,793.3908
203,493,202,12.2407759941861,76.2126255334499,-471.28333,712.3364,20866.684,1832.6482,566.4889,1011.7437,5882.55,848.7857
204,493,203,12.2406516498989,76.2126003469433,-277.66852,963.6168,21634.795,1454.8217,864.8685,1011.97327,5675.096,757.0907
205,493,204,12.2405273056118,76.2125751604367,152.29445,883.98566,22225.588,1636.6965,356.64816,1203.8695,5535.4873,710.4028
206,493,205,12.2404029613246,76.2125499739301,407.4537,858.5552,21832.146,1382.7712,306.3389,991.0318,5345.285,508.68512
207,493,206,12.2402786170374,76.2125247874235,759.65924,969.5245,21671.6,1365.8711,143.34259,762.454,5750.0166,1217.7642
208,493,207,12.2401542727502,76.2124996009169,1146.2722,1092.5352,21776.176,1383.8274,231.87964,374.9686,6074.0483,1472.3516
209,493,208,12.240029928463,76.2124744144103,1649.6482,852.7214,23373.69,2568.0986,109.07963,447.0399,6642.3555,1389.1322
210,493,209,12.2399055841758,76.2124492279037,1702.3389,1112.968,24442.186,1915.2711,126.14444,523.1545,6608.526,1556.2976
211,493,210,12.2397812398886,76.2124240413971,950.2352,1551.4591,23474.05,2865.87,33.140736,448.5242,6068.663,1557.5387
212,493,211,12.2396568956014,76.2123988548905,-66.14814,1594.089,20146.035,3745.2957,-150.61296,626.0563,5594.4907,1388.4664
213,493,212,12.2395325513142,76.2123736683839,-652.9481,638.14734,18802.521,3194.3545,-513.9722,547.9145,5156.976,704.4817
214,493,213,12.239408207027,76.2123484818773,-653.22595,646.8292,16798.84,3453.2668,-759.6056,578.88025,5323.5093,639.2916
215,493,214,12.2392838627398,76.2123232953707,-487.59445,620.6551,16879.967,3928.0728,-683.0648,736.21747,5344.8887,660.29126
216,493,215,12.2391595184526,76.2122981088641,-610.5426,793.4582,16466.371,2859.1384,-640.14813,781.2588,5355.059,540.22687
217,493,216,12.2390351741655,76.2122729223575,-613.9074,828.6642,19272.643,3794.8977,-318.35,1002.8491,5200.913,606.03235
218,493,217,12.2389108298783,76.2122477358509,-767.19446,934.78265,21154.334,2270.4766,-302.34073,1008.3114,4935.78,478.6768
219,493,218,12.2387864855911,76.2122225493443,-886.0204,747.3418,22551.336,1920.2886,-5.1574116,946.76495,4923.6704,376.11902
220,493,219,12.2386621413039,76.2121973628377,-1333.0111,876.48566,22097.193,1572.8463,198.17407,871.58136,5209.963,517.42694
221,493,220,12.2385377970167,76.2121721763311,-1925.9629,1102.9657,21023.078,2510.3618,976.1963,1022.70685,5577.522,628.3047
222,493,221,12.2384134527295,76.2121469898245,-2175.5833,884.2205,19091.791,2141.6536,1699.0055,998.73175,5933.461,524.16174
223,493,222,12.2382891084423,76.2121218033179,-1936.7222,1198.999,17319.654,1468.6344,2069.6648,860.5317,5917.7944,576.1922
224,493,223,12.2381647641551,76.2120966168113,-1340.263,991.8163,16845.63,1543.691,1985.913,815.4358,5707.487,554.9261
225,493,224,12.2380404198679,76.2120714303047,-944.9889,992.7293,15913.252,1748.6779,1661.0056,860.78705,5271.907,572.5696
226,493,225,12.2379160755807,76.2120462437981,-724.937,789.75604,15891.506,1642.503,1242.5148,890.69147,4818.7095,627.9874
227,493,226,12.2377917312935,76.2120210572915,-627.5611,580.32135,15226.613,1498.1576,770.1537,866.0082,4223.0576,764.80664
228,493,227,12.2376673870063,76.2119958707849,-656.89075,610.6241,15805.756,1596.1101,214.04816,725.76263,3978.052,594.5573
229,493,228,12.2375430427191,76.2119706842783,-589.7611,421.68582,15739.702,2476.4963,-234.33147,632.0113,3845.8296,586.1216
230,493,229,12.237418698432,76.2119454977717,-349.15372,377.49643,16651.473,2925.854,-550.0296,670.711,3992.937,511.549
231,493,230,12.2372943541448,76.2119203112651,124.087036,768.00104,17277.707,3293.146,-808.57776,684.5879,4338.03,766.0904
232,493,231,12.2371700098576,76.2118951247585,524.4722,696.7292,18471.875,2807.766,-889.3259,693.9074,5251.4814,1266.3745
233,493,232,12.2370456655704,76.2118699382518,681.72595,543.6748,20417.922,3465.4185,-782.3555,613.81244,6388.4224,1126.6879
234,493,233,12.2369213212832,76.2118447517452,288.19443,552.6984,22922.674,3661.6636,-317.25,837.6878,7072.6816,867.4642
235,493,234,12.236796976996,76.2118195652386,516.2,889.1466,24250.953,2464.2397,-208.67963,811.4444,7380.0796,856.8338
236,493,235,12.2366726327088,76.211794378732,675.35925,914.69086,23782.559,2792.386,-211.07408,793.59985,7148.126,873.60834
237,493,236,12.2365482884216,76.2117691922254,1338.0889,813.17316,23627.668,2436.6985,-62.400024,1279.7789,7258.854,825.5001
238,493,237,12.2364239441344,76.2117440057188,1724.8556,1095.5133,23443.188,2638.4895,65.25369,1468.3574,7301.237,772.05505
239,493,238,12.2362995998472,76.2117188192122,2473.4092,1525.1056,25312.23,3228.672,-472.10373,2092.9382,7539.9443,842.84045
240,493,239,12.23617525556,76.2116936327056,2558.422,1379.1948,25480.566,3056.5332,-1215.1204,1802.2606,7216.591,846.1172
241,493,240,12.2360509112728,76.2116684461989,1489.3518,2046.5509,24903.059,3549.4485,-1328.461,1505.8185,6922.3833,726.60144
242,493,241,12.2359265669857,76.2116432596923,419.5037,1336.5471,22449.484,2601.242,-715.64075,1296.3943,6432.1777,564.3169
243,493,242,12.2358022226985,76.2116180731857,-397.89258,695.439,20126.904,1395.6791,-329.51297,1165.5791,6106.613,680.4798
244,493,243,12.2356778784113,76.2115928866791,-721.1574,974.6478,19619.412,1643.0756,248.8889,1398.8236,5690.2446,469.33795
245,493,244,12.2355535341241,76.2115677001725,-931.1352,711.76587,19466.818,1625.4666,939.30005,1423.8057,5446.2646,438.36377
246,493,245,12.2354291898369,76.2115425136659,-1083.0834,698.0013,19919.828,1734.1063,1996.6593,1073.0825,5305.959,663.73303
247,493,246,12.2353048455497,76.2115173271592,-1215.5519,926.9372,20343.432,1870.9675,2649.5352,795.95886,5485.3535,803.4683
248,493,247,12.2351805012625,76.2114921406526,-1524.1074,938.0731,19820.434,2114.646,2612.5815,814.6798,5994.2686,999.47345
249,493,248,12.2350561569753,76.211466954146,-1672.0352,844.9589,19262.455,2157.2278,1911.8148,1126.8596,6248.476,768.97943
250,493,249,12.2349318126881,76.2114417676394,-1279.7407,741.3167,17650.338,1684.9238,1265.6389,1132.4221,5973.924,889.7731
251,493,250,12.2348074684009,76.2114165811328,-580.80743,949.79895,16465.074,2001.266,984.27405,1121.5732,5281.7925,774.82294
252,493,251,12.2346831241137,76.2113913946261,118.32593,813.18164,14699.682,1822.6832,1224.437,1210.053,4919.9053,569.547
253,493,252,12.2345587798265,76.2113662081195,700.75183,412.7687,13435.056,1740.7893,876.6222,984.10504,4683.8184,560.37616
254,493,253,12.2344344355393,76.2113410216129,723.2296,552.7795,12173.591,1452.9117,578.1222,902.40906,4824.8853,653.05194
255,493,254,12.2343100912522,76.2113158351063,508.57962,706.70435,11419.093,967.38257,238.5537,270.1344,4997.2666,834.13434
256,493,255,12.234185746965,76.2112906485997,511.0778,736.7732,11352.38,812.489,207.9037,300.26147,5476.1704,833.5011
257,493,256,12.2340614026778,76.211265462093,369.5685,709.26587,11973.306,1174.9775,188.68704,310.4116,6062.722,890.1758
258,493,257,12.2339370583906,76.2112402755864,-66.30555,1066.8717,14139.457,2730.6707,230.50926,385.1691,6733.683,782.3334
259,493,258,12.2338127141034,76.2112150890798,-514.3648,794.94293,17289.523,3914.5894,735.2611,958.9223,6877.1147,795.02344
260,493,259,12.2336883698162,76.2111899025732,-413.73703,858.7247,20944.375,3078.27,852.74817,1338.2646,6466.6313,1165.8715
261,493,260,12.233564025529,76.2111647160665,204.04445,832.8471,22427.305,1300.7533,276.76297,1830.0051,5805.087,929.6805
262,493,261,12.2334396812418,76.2111395295599,86.718506,1114.0315,21745.637,2179.1057,-647.1796,1584.3882,5560.157,780.6568
263,493,262,12.2333153369546,76.2111143430533,-132.13704,1107.0575,20161.396,1953.1213,-1151.4703,985.7758,5513.4517,786.55695
264,493,263,12.2331909926674,76.2110891565467,-447.40555,954.8637,19119.584,1644.0485,-1239.9982,687.8888,5475.687,849.9059
265,493,264,12.2330666483802,76.21106397004,-563.1778,776.94073,19092.041,2345.2288,-906.51294,695.95465,5362.62,759.66
266,493,265,12.232942304093,76.2110387835334,-813.3815,1007.0395,21133.234,4644.8555,-72.022224,1352.7606,5428.904,557.78955
267,493,266,12.2328179598058,76.2110135970268,-574.3815,1141.8173,24226.36,5187.3076,639.34625,1067.3396,5649.061,719.4324
268,493,267,12.2326936155187,76.2109884105202,-554.637,1242.5112,27538.734,3829.6213,931.40186,1073.6875,6178.0464,915.5701
269,493,268,12.2325692712315,76.2109632240136,-169.8537,1064.5985,27425.93,2863.02,827.3759,1031.6827,6323.7407,863.2786
270,493,269,12.2324449269443,76.2109380375069,-125.33519,1159.974,26288.37,3292.0007,886.28705,922.11646,6675.589,817.7481
271,493,270,12.2323205826571,76.2109128510003,318.82965,1231.1638,24354.08,2237.5046,1170.4166,763.8379,6724.6665,1033.9205
272,493,271,12.2321962383699,76.2108876644937,503.67593,1398.726,23554.09,2213.2754,1066.6945,660.9467,6712.8594,1162.2307
273,493,272,12.2320718940827,76.210862477987,395.5,1473.5901,22429.318,1711.2793,973.3945,675.09265,6693.0127,1037.1064
274,493,273,12.2319475497955,76.2108372914804,227.31296,1184.5933,21589.639,857.3603,448.74258,626.0805,6594.5723,803.9968
275,493,274,12.2318232055083,76.2108121049738,-109.57963,1008.46625,20926.102,652.7962,218.86852,767.89923,6712.878,489.1594
276,493,275,12.2316988612211,76.2107869184672,-23.272238,881.91254,20326.104,1422.5475,-17.390757,908.6454,6217.7334,703.50555
277,493,276,12.2315745169339,76.2107617319605,261.97592,843.2728,20615.66,1990.0823,140.39627,1125.8517,5809.3057,593.8004
278,493,277,12.2314501726467,76.2107365454539,744.6537,771.41614,20578.979,2044.1499,698.2315,1268.208,5584.9204,842.1456
279,493,278,12.2313258283595,76.2107113589473,853.65186,817.58,20636.266,2009.217,1363.6149,1095.6595,5712.024,1071.0154
280,493,279,12.2312014840724,76.2106861724407,912.9167,799.3635,18888.344,2279.6306,1567.6222,655.74554,5614.613,1281.4968
281,493,280,12.2310771397852,76.210660985934,562.1556,694.4804,16978.703,2524.4941,1372.3167,920.608,5567.122,1030.8151
282,493,281,12.230952795498,76.2106357994274,379.3185,508.70615,14814.901,1806.3619,918.35187,781.08356,5108.3354,897.2541
283,493,282,12.2308284512108,76.2106106129208,122.848145,349.02017,13151.374,1638.4058,755.40924,740.5965,4834.2925,571.68665
284,493,283,12.2307041069236,76.2105854264142,428.9148,611.3587,12299.653,1467.1135,621.9611,141.71178,4435.3613,215.60323
285,493,284,12.2305797626364,76.2105602399075,526.27405,535.8477,12190.184,1848.9562,302.61667,652.73694,4411.065,239.67514
286,493,285,12.2304554183492,76.2105350534009,776.6426,604.87494,12837.387,1709.2562,13.320369,786.83575,4438.552,272.29953
287,493,286,12.230331074062,76.2105098668943,722.32965,576.5595,13458.279,1841.9847,-357.61853,1031.7511,4434.024,224.63103
288,493,287,12.2302067297748,76.2104846803877,391.89444,911.23,14798.907,2360.8955,-644.5815,1098.469,4353.774,253.45067
289,493,288,12.2300823854876,76.210459493881,43.54259,1013.81494,16236.457,2873.273,-1329.7981,1408.7764,4456.3833,437.83786
290,493,289,12.2299580412004,76.2104343073744,-48.127773,979.5922,17482.04,2725.5935,-2058.1313,1081.3912,4739.8,582.26544
291,493,290,12.2298336969132,76.2104091208678,581.42224,1063.8184,18324.504,3005.5164,-2052.3057,1033.6151,5268.711,524.378
292,493,291,12.229709352626,76.2103839343611,653,852.33813,18331.184,2824.902,-955.7185,1648.6854,5692.594,488.3394
293,493,292,12.2295850083389,76.2103587478545,624.25183,775.9533,18188.072,2408.3953,204.6926,1173.834,6210.2354,649.494
294,493,293,12.2294606640517,76.2103335613479,143.88889,571.29297,18232.963,1673.1428,678.6259,611.0858,6385.004,623.457
295,493,294,12.2293363197645,76.2103083748412,186.33148,598.8131,17939.885,1721.9805,901.59814,667.3322,6733.9873,697.82904
296,493,295,12.2292119754773,76.2102831883346,370.3389,909.2852,19077.6,3209.8042,1087.5778,832.3855,7148.2817,886.673
297,493,296,12.2290876311901,76.210258001828,138.78519,1255.7135,20695.246,4904.4604,1379.5612,605.22986,7413.785,580.73267
298,493,297,12.2289632869029,76.2102328153214,-458.15,1537.4382,23385.209,4931.105,1075.9388,684.0252,6744.3853,1354.9393
299,493,298,12.2288389426157,76.2102076288147,-1154.6888,1333.3467,24180.83,4577.667,737.7463,497.7806,5771.9575,1076.9222
300,493,299,12.2287145983285,76.2101824423081,-1369.1722,1356.1952,23088.434,4616.1826,463.3426,415.672,5091.689,480.37607
301,493,300,12.2285902540413,76.2101572558015,-1475.6815,1404.6442,21837.086,3824.6626,469.48148,482.55148,5153.5923,298.5923
302,493,301,12.2284659097541,76.2101320692949,-1464.5038,1054.3094,21532.94,2841.8628,564.9204,832.80273,5423.8906,775.4237
303,493,302,12.2283415654669,76.2101068827882,-1411.95,731.772,22229.814,2298.5312,1043.9778,1128.911,5878.7905,814.4546
304,493,303,12.2282172211797,76.2100816962816,-1187.4685,425.05704,21985.393,2332.5566,1347.9519,1064.0765,5974.8516,800.18604
305,493,304,12.2280928768925,76.210056509775,-1279.7333,581.64764,20569.086,3051.0244,1394.1759,751.5789,5884.487,551.31195
306,493,305,12.2279685326054,76.2100313232683,-1105.7389,733.7185,19291.28,2493.0107,893.41296,656.4238,5326.3037,622.5199
307,493,306,12.2278441883182,76.2100061367617,-747.6148,784.3239,18495.652,2775.6497,272.85187,647.4205,4973.652,576.9346
308,493,307,12.227719844031,76.2099809502551,-467.2963,489.40628,18711.912,3202.8118,-128.47778,468.0707,4669.278,434.363
309,493,308,12.2275954997438,76.2099557637485,-377.7704,221.72762,18957.264,3182.6924,-812.46295,842.50385,4595.811,684.23157
310,493,309,12.2274711554566,76.2099305772418,-161.63704,511.0895,19492.992,2933.6018,-1338.9388,865.3937,4699.165,826.04785
311,493,310,12.2273468111694,76.2099053907352,235.19073,538.67395,20794.701,2833.093,-1972.961,518.32074,4884.7407,880.0546
312,493,311,12.2272224668822,76.2098802042286,677.17224,571.263,21412.736,3037.983,-2112.4778,568.0048,5167.137,700.4246
313,493,312,12.227098122595,76.209855017722,1116.8964,887.26587,21680.363,2797.2798,-1910.1704,753.5743,5533.6055,781.0699
314,493,313,12.2269737783078,76.2098298312153,1809.2148,1103.3093,21320.648,2370.5044,-1501.0981,805.25446,5853.9463,843.9589
315,493,314,12.2268494340206,76.2098046447087,2239.2795,845.1827,20338.955,2049.8242,-830.9778,966.92957,6184.7983,773.9069
316,493,315,12.2267250897334,76.2097794582021,2010.1222,1052.2943,20718.504,1617.8373,63.025917,1388.6293,6209.028,602.10944
317,493,316,12.2266007454462,76.2097542716955,1731.0667,932.6714,19690.844,1957.9502,668.0944,1273.7478,6155.343,517.88055
318,493,317,12.2264764011591,76.2097290851888,1294.8481,904.263,20439.982,2019.8198,943.72217,1227.5651,5907.176,488.33044
319,493,318,12.2263520568719,76.2097038986822,1088.8334,1197.1211,20835.324,2806.5962,954.60736,1422.6012,5794.246,609.20056
320,493,319,12.2262277125847,76.2096787121756,402.23703,1493.9125,22278.037,2289.3062,268.99814,1734.7744,5693.226,960.1547
321,493,320,12.2261033682975,76.209653525669,53.403694,1462.5138,22826.217,2070.4067,-593.5759,1824.293,5623.591,1202.0778
322,493,321,12.2259790240103,76.2096283391623,-397.15186,1363.6367,22779.549,1700.6067,-1759.6038,675.73706,5429.55,1384.8224
323,493,322,12.2258546797231,76.2096031526557,-140.22594,1089.9594,23057.96,2238.796,-2460.439,862.9949,4993.8335,1246.626
324,493,323,12.2257303354359,76.2095779661491,83.637024,1274.29,22743.037,3233.879,-3048.0981,1272.8604,4917.002,1296.9688
325,493,324,12.2256059911487,76.2095527796425,975.3741,1090.636,20411.328,4613.411,-2976.6555,1406.2224,4879.0186,1199.7625
326,493,325,12.2254816468615,76.2095275931358,1002.0574,1120.7079,17303.047,4257.7407,-1818.2,1988.9253,4874.4336,1186.0072
327,493,326,12.2253573025743,76.2095024066292,1318.0759,858.2933,14807.694,1320.0221,-1069.463,1227.9933,4963.5186,968.9193
328,493,327,12.2252329582871,76.2094772201226,1063.0796,729.5796,13753.975,1890.3342,-434.67407,1029.3635,4936.863,801.42426
329,493,328,12.2251086139999,76.209452033616,768.56665,934.5524,13542.293,2263.8816,-421.42776,1189.2786,5180.4775,584.1546
330,493,329,12.2249842697127,76.2094268471094,103.55554,915.08966,12807.196,2184.1047,-18.514814,815.1616,5025.557,389.86542
331,493,330,12.2248599254256,76.2094016606028,-608.8259,785.26373,12925.996,1762.2823,-162.35556,836.4463,5185.487,315.18152
332,493,331,12.2247355811384,76.2093764740961,-899.2,699.50287,12920.905,1106.5719,-421.75186,551.99335,4933.0166,476.67297
333,493,332,12.2246112368512,76.2093512875895,-1272.3611,661.85144,13569.887,830.6642,-491.8648,404.0043,5137.4854,558.75
334,493,333,12.224486892564,76.2093261010829,-1527.3982,704.32355,14552.601,1241.0574,-252.47778,566.42163,5199.087,649.56757
335,493,334,12.2243625482768,76.2093009145763,-1952.9481,626.0214,16206.69,1994.1694,141.21295,623.74774,5634.8,404.7327
336,493,335,12.2242382039896,76.2092757280696,-1803.85,701.7316,18069.607,1696.8297,155.22408,748.22687,5859.8794,681.8171
337,493,336,12.2241138597024,76.209250541563,-1125.3407,1153.8538,20850.791,2709.799,-458.9852,1122.3503,6388.47,874.53186
338,493,337,12.2239895154152,76.2092253550564,-337.4222,1368.6152,24676.264,5014.8354,-284.07224,1322.4192,7659.35,1633.8951
339,493,338,12.223865171128,76.2092001685498,-301.1648,1733.0588,29062.436,5090.278,1449.3685,2759.0164,9090.44,1673.5336
340,493,339,12.2237408268408,76.2091749820432,-247.63518,1781.148,29728.23,4905.567,3685.5037,1972.0077,9437.566,1340.6693
341,493,340,12.2236164825536,76.2091497955365,115.60557,1592.8878,26755.197,6299.1865,4294.2686,1085.8246,8468.758,1957.2858
342,493,341,12.2234921382664,76.2091246090299,754.137,716.16815,21931.621,4396.791,3097.6667,1789.5963,7087.587,1277.9023
343,493,342,12.2233677939792,76.2090994225233,810.95557,548.195,19543.164,2141.6182,2049.9907,906.5545,6575.2573,804.1786
344,493,343,12.2232434496921,76.2090742360167,619.3259,317.78073,18282.701,1570.157,1672.9926,605.5891,6323.8315,660.4982
345,493,344,12.2231191054049,76.2090490495101,758.78705,433.4932,18271.035,1556.8319,1931.0555,402.19043,6222.6187,632.7288
346,493,345,12.2229947611177,76.2090238630035,864.4055,380.0696,18444.975,1602.7235,1916.8167,249.20108,6089.3335,571.1427
347,493,346,12.2228704168305,76.2089986764969,888.4056,387.86417,18948.195,985.5798,2232.8167,491.9204,6232.9946,516.9649
348,493,347,12.2227460725433,76.2089734899903,241.65741,759.21234,18252.166,1724.4751,2093.35,686.905,6283.7944,283.00787
349,493,348,12.2226217282561,76.2089483034836,-459.16666,889.09796,17190.217,1705.5763,1512.6981,1161.9393,5956.9517,585.9856
350,493,349,12.2224973839689,76.208923116977,-916.7889,335.85764,16505.54,1193.3323,1032.9204,776.6613,5830.3223,561.9429
351,493,350,12.2223730396817,76.2088979304704,-1123.1371,314.04398,16595.744,1477.0741,624.46484,710.26166,5517.461,520.0025
352,493,351,12.2222486953945,76.2088727439638,-1143.5685,875.73224,17721.486,2033.9595,610.9296,720.4487,5257.7314,766.9163
353,493,352,12.2221243511073,76.2088475574572,-991.3241,1222.7256,19038.537,3077.9343,67.0037,520.993,4975.0464,535.4972
354,493,353,12.2220000068201,76.2088223709506,-576.0426,1301.778,20713.863,3306.8955,-283.36853,670.12054,4835.6313,731.038
355,493,354,12.2218756625329,76.208797184444,-26.977776,904.54535,20809.125,3580.0125,-668.6352,686.1913,5136.215,727.8836
356,493,355,12.2217513182458,76.2087719979374,440.64816,803.10376,20708.36,3037.958,-976.5333,673.1311,5359.7095,781.21936
357,493,356,12.2216269739586,76.2087468114308,745.97406,710.2044,19942.283,1979.063,-528.53705,1135.5034,6110.352,1244.0492
358,493,357,12.2215026296714,76.2087216249242,843.9185,600.7095,19111.104,1751.9419,148.48703,1260.5837,6154.311,1315.9841
359,493,358,12.2213782853842,76.2086964384175,863.4963,477.95853,17630.055,1833.9082,697.9722,714.41473,6109.0557,1492.7455
360,493,359,12.221253941097,76.2086712519109,745.8759,389.529,15822.676,1951.4507,660.93146,670.381,5644.809,982.4235
361,493,360,12.2211295968098,76.2086460654043,1044.8019,505.3496,15391.977,1466.1434,300.36853,584.0589,5205.85,1071.5371
362,493,361,12.2210052525226,76.2086208788977,768.863,611.2715,15431.545,1332.3372,-203.91112,892.1536,4821.1816,894.50684
363,493,362,12.2208810363,76.2085957136335,176.92963,1281.9858,17980.8,2985.355,-576.2574,1011.60345,4731.5312,788.246
364,493,363,12.2207568749909,76.2085705574778,-1430.9907,1685.0836,20195.014,3830.8892,-980.3352,1467.0343,4881.637,734.834
365,493,364,12.2206327136818,76.2085454013222,-2656.1555,1199.4752,22836.256,2752.5762,-579.30927,1648.2185,4910.7017,655.80194
366,493,365,12.2205085523727,76.2085202451665,-2884.7297,913.19366,23160.822,2262.481,-603.62036,1564.4403,4557.683,352.05798
367,493,366,12.2203843910636,76.2084950890109,-1565.4222,1806.4698,22473.607,1958.0878,-806.5944,1244.8921,4472.5,303.1283
368,493,367,12.2202602297545,76.2084699328552,-103.061104,1552.1545,20772.197,1679.6565,-1314.0352,913.2862,4593.565,301.8161
369,493,368,12.2201360684455,76.2084447766996,1100.3704,770.4622,19327.352,1805.2354,-907.787,1170.5359,4759.028,368.11673
370,493,369,12.2200119071364,76.2084196205439,1494.3445,760.40704,18592.504,1595.0874,-897.79626,1137.451,5070.626,385.0128
371,493,370,12.2198877458273,76.2083944643883,1568.726,713.35,18208.32,1645.2622,-499.67038,1099.1572,5296.6333,459.53726
372,493,371,12.2197635845182,76.2083693082326,623.3019,1512.5272,18266.137,1708.6578,-740.2315,885.27124,5780.093,808.872
373,493,372,12.2196394232091,76.208344152077,-662.0611,1605.1398,18148.445,1392.4015,-83.864815,573.39,6058.3335,1013.2497
374,493,373,12.2195152619,76.2083189959213,-1785.3593,801.0552,18894.412,2568.5679,52.43148,441.7426,6215.7334,946.217
375,493,374,12.2193911005909,76.2082938397657,-2066.7202,897.0031,18349.111,2803.2422,262.26297,363.87238,6571.7964,1062.4088
376,493,375,12.2192669392818,76.20826868361,-1948.3556,1212.7704,17356.658,3141.9514,583.41296,468.18848,7157.95,1204.0441
377,493,376,12.2191427779728,76.2082435274544,-1386.9037,1404.3682,16348.672,1390.6451,1197.0204,749.8743,7777.913,1167.9131
378,493,377,12.2190186166637,76.2082183712988,-335.06665,1602.6322,16739.602,1129.3073,1630.1573,549.696,8219.834,1620.6516
379,493,378,12.2188944553546,76.2081932151431,550.5852,1025.2136,17983.656,2293.6309,1399.1888,829.59406,8224.118,1928.002
380,493,379,12.2187702940455,76.2081680589875,1092.3944,627.647,19090.807,2542.304,1107.7686,687.9005,7871.8945,1940.9382
381,493,380,12.2186461327364,76.2081429028318,1758.8647,1205.9143,20970.54,3134.7468,773.1241,470.065,6777.9907,1705.3857
382,493,381,12.2185219714273,76.2081177466762,2403.3853,1307.2947,23237.404,3074.2869,559.5704,699.9298,5678.198,1035.6453
383,493,382,12.2183978101182,76.2080925905205,2723.0647,1373.966,25656.88,2504.1775,38.772217,582.24817,5068.189,460.99234
384,493,383,12.2182736488091,76.2080674343649,2423.2722,1442.2428,27349.912,2579.0103,-267.9074,318.4009,4749.2725,371.05554
385,493,384,12.2181494875001,76.2080422782093,1238.9426,1893.6069,28285.867,2318.2449,-451.82593,413.72913,4957.8887,463.75018
386,493,385,12.218025326191,76.2080171220536,-248.59445,2126.542,27435.627,3162.8872,-163.18147,688.81726,5016.487,518.17114
387,493,386,12.2179011648819,76.207991965898,-1485.0889,1052.1842,24669.535,4181.7085,-181.40926,666.4522,5339.344,473.68533
388,493,387,12.2177770035728,76.2079668097423,-2232.4592,929.696,22580.34,2666.9436,-68.13148,514.8104,5456.539,572.397
389,493,388,12.2176528422637,76.2079416535867,-1806.9907,1064.7698,19593.8,2945.6616,-408.5259,430.31927,5334.62,580.9024
390,493,389,12.2175286809546,76.207916497431,-1475.3037,1152.5602,18375.459,3150.4116,-845.1667,991.54877,5128.096,530.4259
391,493,390,12.2174045196455,76.2078913412754,-369.11667,758.4714,17395.033,1787.624,-1023.5815,1119.597,4929.0723,227.72556
392,493,391,12.2172803583364,76.2078661851198,245.09999,769.60315,19100.445,2115.1848,-1277.4,1041.6031,5020.3076,239.62117
393,493,392,12.2171561970274,76.2078410289641,930.687,709.81885,20982.926,1479.799,-455.88705,1287.4661,5077.774,222.30518
394,493,393,12.2170320357183,76.2078158728085,1317.6407,816.92236,21213.744,1686.8989,-309.02963,1182.2699,4944.989,246.30798
395,493,394,12.2169078744092,76.2077907166529,1351.9574,872.40936,19848.904,3022.9355,-37.82222,922.151,4639.374,376.08035
396,493,395,12.2167837131001,76.2077655604972,1004.063,946.8783,17994.035,2649.163,-577.8741,821.8516,4484.7407,315.8253
397,493,396,12.216659551791,76.2077404043416,439.45926,711.135,16440.154,1693.6572,-929.65924,820.05585,4697.6777,582.57074
398,493,397,12.2165353904819,76.2077152481859,-50.587032,596.9221,14818.206,2182.9844,-1247.274,805.6058,5039.9424,482.2093
399,493,398,12.2164112291728,76.2076900920303,140.50928,807.0609,13781.698,1603.7173,-1397.0834,648.38416,5416.8535,344.31635
400,493,399,12.2162870678637,76.2076649358747,202.26112,798.98486,13696.8,2057.7527,-1352.1222,658.4728,5455.687,266.77966
401,493,400,12.2161629065547,76.207639779719,640.1259,536.22577,15227.794,2599.1719,-1241.6573,902.9854,5656.789,306.94333
402,493,401,12.2160387452456,76.2076146235634,674.2722,705.4805,16766.562,2493.6355,-1097.8538,852.4262,5427.7666,511.73334
403,493,402,12.2159145839365,76.2075894674078,1019.4037,829.53064,20924.352,5635.3438,-997.3111,992.4935,5199.4443,724.09784
404,493,403,12.2157904226274,76.2075643112521,690.35925,1060.5331,27053.86,7665.2695,-809.20557,1095.6628,4436.4907,877.14264
405,493,404,12.2156662613183,76.2075391550965,252.17036,1001.83203,32125.662,5608.6436,-552.7907,1214.3341,4246.565,813.39764
406,493,405,12.2155421000092,76.2075139989409,-154.97778,663.5625,32566.86,5699.046,-179.7574,1051.676,4513.976,1036.02
407,493,406,12.2154179387001,76.2074888427852,-325.2037,843.912,28327.84,7012.236,105.72223,641.58136,5164.909,752.27246
408,493,407,12.215293777391,76.2074636866296,-686.4907,877.8957,23167.766,5846.315,369.77594,517.91656,5441.1836,449.08868
409,493,408,12.215169616082,76.207438530474,-1139.25,707.39996,19264.738,3048.3262,547.0648,365.16275,5310.496,567.40094
410,493,409,12.2150454547729,76.2074133743183,-1508.126,550.89905,17805.904,786.19324,382.17963,624.19763,5034.591,895.7366
411,493,410,12.2149212934638,76.2073882181627,-1650.9907,462.74445,18009.426,823.55273,297.10556,576.38116,4657.052,1088.2933
412,493,411,12.2147971321547,76.2073630620071,-1686.4519,403.5907,18158.932,1140.5616,73.15,631.0432,4335.628,1075.9513
413,493,412,12.2146729708456,76.2073379058514,-1723.7278,560.7634,18594.959,1275.4951,-57.412968,807.4825,4429.217,927.2048
414,493,413,12.2145488095365,76.2073127496958,-1949.2815,728.8004,19406.871,1948.1992,-533.00183,782.9198,4896.8647,1056.2043
415,493,414,12.2144246482274,76.2072875935402,-2032.7537,821.66296,20014.256,1471.5786,-731.9593,748.90314,5212.843,772.07434
416,493,415,12.2143004869183,76.2072624373846,-2052.7112,1002.11554,20457.914,1405.7743,-722.013,620.5553,5448.2705,746.5093
417,493,416,12.2141763256093,76.207237281229,-1884.8685,956.694,20174.201,1284.5414,-899.88336,688.4991,5809.887,747.2225
418,493,417,12.2140521643002,76.2072121250733,-2005.4055,878.1579,19975.568,1353.7557,-1117.9019,657.72375,6650.8223,896.2234
419,493,418,12.2139280029911,76.2071869689177,-1699.876,893.2425,18886.648,2103.9983,-1177.9519,615.52295,6964.3555,721.3122
420,493,419,12.213803841682,76.2071618127621,-1260.3667,1048.8875,16674.678,3171.0415,-757.75555,756.0679,6699.9297,943.3426
421,493,420,12.2136796803729,76.2071366566065,-1113.8611,920.4401,14880.467,2706.3704,-557.9704,542.8493,5800.341,881.4364
422,493,421,12.2135555190638,76.2071115004508,-1404.3259,827.3877,13660.208,1613.9412,-550.0426,479.72534,5230.3164,511.71503
423,493,422,12.2134313577547,76.2070863442952,-1292.7537,990.30115,13395.785,1428.7849,-362.3926,626.4235,4690.1294,470.55002
424,493,423,12.2133071964456,76.2070611881396,-946.8537,901.5382,12984.037,1486.395,93.75369,712.055,4580.9683,461.32422
425,493,424,12.2131830351366,76.207036031984,-550.55554,705.84393,13393.671,1724.3937,696.5815,555.6859,4739.5757,693.4022
426,493,425,12.2130588738275,76.2070108758284,-215.66296,978.2336,14647.996,2014.6785,1181.226,757.4711,4984.774,847.7474
427,493,426,12.2129347125184,76.2069857196727,453.27036,1083.5737,15776.7,1105.0844,1252.4703,871.5269,4778.1665,1058.9556
428,493,427,12.2128105512093,76.2069605635171,961.7889,386.22098,15848.905,763.7914,966.23706,1059.1221,4401.091,1095.595
429,493,428,12.2126863899002,76.2069354073615,1063.7852,561.5422,15648.667,571.0038,419.85184,878.3513,4317.533,963.04083
430,493,429,12.2125622285911,76.2069102512059,535.99817,1014.39636,15316.481,693.06305,56.444447,670.25867,4432.222,861.5283
431,493,430,12.212438067282,76.2068850950503,-350.4463,1566.452,15297.2,1017.9566,-73.35185,961.17285,4546.4185,600.75525
432,493,431,12.2123139059729,76.2068599388947,-1524.9315,1299.9012,15136.304,1105.1554,83.601845,1184.3918,4419.059,297.95813
433,493,432,12.2121897446639,76.2068347827391,-2269.1038,921.691,15414.313,1361.6433,456.2148,1180.1968,4468.0723,290.18106
434,493,433,12.2120655833548,76.2068096265834,-2057.2888,1073.8385,15820.241,1975.8237,1057.6444,855.30884,4544.8926,381.60788
435,493,434,12.2119414220457,76.2067844704278,-1566.9388,1132.1339,16737.998,2615.837,1621.3759,722.01276,4496.439,559.4472
436,493,435,12.2118172607366,76.2067593142722,-811.5629,1002.95074,18101.852,2973.646,1814.063,477.005,4214.3203,696.48517
437,493,436,12.2116930994275,76.2067341581166,-301.21112,1136.0039,19110.04,2250.6062,1605.287,638.0388,3824.5908,558.27594
438,493,437,12.2115689381184,76.206709001961,358.9537,1118.9229,19277.365,1633.8566,1006.1463,482.4917,3624.626,310.77667
439,493,438,12.2114447768093,76.2066838458054,1364.9685,1450.568,18687.033,1125.7401,637.64075,488.6724,3656.3667,271.22992
440,493,439,12.2113206155002,76.2066586896498,1961.8203,1031.6743,18295.064,1115.4814,471.18704,410.19266,3712.5686,226.3851
441,493,440,12.2111964541912,76.2066335334942,2117.5537,1307.3851,18225.92,1018.2271,544.0389,394.59064,3740.924,210.88591
442,493,441,12.2110722928821,76.2066083773386,1471.8148,1222.3281,18209.34,859.22974,649.69257,388.15918,3814.8962,223.17496
443,493,442,12.210948131573,76.206583221183,540.7185,1592.5248,17792.086,1167.6655,1063.5408,783.8256,4016.5667,447.36215
444,493,443,12.2108239702639,76.2065580650274,-379.22964,1208.7806,16494.941,2475.8855,814.44257,982.80554,4338.2075,511.22467
445,493,444,12.2106998089548,76.2065329088718,-652.8944,984.7592,15606.418,2480.8555,903.4463,959.12177,4582.717,463.74036
446,493,445,12.2105756476457,76.2065077527162,-776.2463,1143.4429,14734.098,2487.5525,539.76855,617.25287,4882.62,688.1215
447,493,446,12.2104514863366,76.2064825965606,-751.4926,1308.7395,15055.091,1972.5571,646.15,476.36456,5170.4834,823.8664
448,493,447,12.2103273250275,76.206457440405,-873.637,1378.053,16515.043,2900.8838,423.62964,391.8992,5597.396,813.50525
449,493,448,12.2102031637185,76.2064322842494,147.85924,1778.4677,18958.783,3032.3076,757.5796,803.97876,6249.789,1006.965
450,493,449,12.2100790024094,76.2064071280938,1155.4148,1522.131,20331.387,1595.3994,860.7259,790.492,6468.435,774.6312
451,493,450,12.2099548411003,76.2063819719382,1637.6666,758.61365,19516.506,2284.6084,995.2815,725.55804,6533.724,830.5227
452,493,451,12.2098306797912,76.2063568157826,887.8148,1131.2173,17459.875,1934.5172,884.3778,521.9056,6299.5723,674.82806
453,493,452,12.2097065184821,76.206331659627,14.607402,955.65393,15500.556,1711.804,1019.9389,469.4969,6272.5317,604.159
454,493,453,12.209582357173,76.2063065034714,-765.5426,809.3902,14252.182,1299.5408,843.23517,636.91724,6120.0405,589.12726
455,493,454,12.2094581958639,76.2062813473158,-1055.5815,684.9415,13208.806,1213.747,246.09999,724.9606,5705.363,498.26547
456,493,455,12.2093340345548,76.2062561911602,-1151.1204,531.35565,12303.424,1466.905,-401.48517,492.17773,5663.0464,459.6585
457,493,456,12.2092098732458,76.2062310350046,-899.5463,437.76813,11819.054,1136.4518,-767.65186,429.6376,5622.248,487.5724
458,493,457,12.2090857119367,76.206205878849,-907.03516,470.91663,11425.293,937.1856,-937.96484,374.57925,5993.6094,650.74835
459,493,458,12.2089615506276,76.2061807226934,-1039.6185,503.5949,12224.907,1572.2203,-1253.9982,564.1715,6499.252,1113.154
460,493,459,12.2088373893185,76.2061555665379,-1078.463,455.50415,14541.387,4177.9253,-1715.1111,891.60736,7181.9834,980.3307
461,493,460,12.2087132280094,76.2061304103823,-942.87036,490.75967,19106.434,6037.5576,-2517.111,1141.5469,7391.5444,896.7144
462,493,461,12.2085890667003,76.2061052542267,-1037.7148,1281.9025,24400.555,6419.81,-2658.4685,1086.1898,7137.489,907.31256
463,493,462,12.2084649053912,76.2060800980711,-1376.2833,1493.6125,25882.852,6007.402,-1939.3389,1604.9027,7247.815,935.06934
464,493,463,12.2083407440821,76.2060549419155,-1557.2074,1463.4779,24749.67,6258.077,-1105.8593,1004.19336,7362.726,1018.4599
465,493,464,12.2082165827731,76.20602978576,-1752.8481,1275.9739,22269.72,4373.9004,-609.3241,525.9973,7577.3574,1051.2002
466,493,465,12.208092421464,76.2060046296044,-1587.0463,1063.1095,21146.127,3012.903,-851.98145,443.69073,6934.0684,1296.2305
467,493,466,12.2079682601549,76.2059794734488,-1004.8871,1482.7664,20697.357,2512.4988,-853.0741,648.6232,6433.965,1189.2135
468,493,467,12.2078440988458,76.2059543172932,49.148136,1050.8425,21301.008,2574.027,-1098.4796,926.7686,5739.939,831.14355
469,493,468,12.2077199375367,76.2059291611376,421.6463,585.7152,22172.928,2066.5168,-901.95,1346.4198,5483.8076,623.3504
470,493,469,12.2075957762276,76.2059040049821,568.6055,597.62366,23187.863,1223.5924,-1047.1555,1563.5696,5087.7593,576.02386
471,493,470,12.2074716149185,76.2058788488265,122.951866,1248.2677,23744.863,1762.9597,-754.2278,1480.8882,4867.413,682.6856
472,493,471,12.2073474536094,76.2058536926709,-450.73148,1623.7933,23803.568,1938.4965,-187.66112,1603.1847,4725.2646,603.85254
473,493,472,12.2072232923004,76.2058285365153,-1441.9778,1468.1511,22882.479,2552.6482,434.19632,1141.6451,4805.722,532.603
474,493,473,12.2070991309913,76.2058033803598,-2020.3741,950.67206,21065.055,1928.85,833.4296,774.4303,4915.7295,215.45813
475,493,474,12.2069749696822,76.2057782242042,-1719.9204,1208.3801,19547.947,1691.262,770.55554,758.31525,4899.6206,274.96008
476,493,475,12.2068508083731,76.2057530680486,-1363.5927,1190.8185,17670.21,2625.2815,857.3333,597.52155,4891.8667,292.8885
477,493,476,12.206726647064,76.2057279118931,-892.8259,858.34705,16024.531,2455.871,901.9722,498.59827,5022.113,435.28412
478,493,477,12.2066024857549,76.2057027557375,-878.4389,646.1056,15025.104,1470.2817,815.2185,379.94308,5049.0796,408.03378
479,493,478,12.2064783244458,76.2056775995819,-751.2278,517.5902,15009.279,2179.3577,833.0426,547.02747,5424.498,645.0256
480,493,479,12.2063541631367,76.2056524434264,-669.16113,742.18036,15585.263,2815.0842,1054.013,599.8631,5834.1816,872.0701
481,493,480,12.2062300018277,76.2056272872708,-581.9037,1031.9005,16609.193,3258.749,1322.7666,779.7824,6263.537,723.5121
482,493,481,12.2061058405186,76.2056021311153,-804.02594,1142.6588,18027.832,2542.953,1299.5759,706.1524,6165.852,804.05945
483,493,482,12.2059816792095,76.2055769749597,-1264.374,1299.6255,18049.125,1928.5273,951.72217,907.4258,5784.665,730.5007
484,493,483,12.2058575179004,76.2055518188042,-1373.0018,1434.5891,17165.025,2942.3757,104.99073,994.5918,5448.533,467.29684
485,493,484,12.2057333565913,76.2055266626486,-1198.8074,1586.1752,16854.596,4076.39,-480.19815,948.1288,5360.1,316.6613
486,493,485,12.2056091952822,76.205501506493,-922.7426,1404.4594,16828.041,4198.4526,-827.65924,637.6479,5311.987,319.72485
487,493,486,12.2054850339731,76.2054763503375,-876.1741,1165.5604,16538.51,3664.0857,-740.613,540.25116,5282.502,355.14313
488,493,487,12.205360872664,76.2054511941819,-902.7111,975.8723,14954.824,2274.0012,-255.13148,697.30225,5202.3706,303.5904
489,493,488,12.205236711355,76.2054260380264,-675.80554,925.3338,14010.237,1376.9514,42.644447,616.86676,5231.2036,277.81213
490,493,489,12.2051125500459,76.2054008818708,-529.95184,685.79517,13716.835,1464.6796,478.49817,375.68137,5306.344,179.90062
491,493,490,12.2049883887368,76.2053757257153,-443.3426,976.02374,13585.668,1415.3359,473.5926,446.4096,5373.022,336.8184
492,493,491,12.2048642274277,76.2053505695598,-371.7648,1102.4514,13482.583,1240.8945,468.80188,606.60205,5326.8335,480.96167
493,493,492,12.2047400661186,76.2053254134042,-29.809269,1247.9534,14206.537,1821.219,203.15186,624.51624,5179.843,602.0277
494,493,493,12.2046159048095,76.2053002572487,278.05737,922.901,14893.818,1409.1064,86.12038,603.98834,5003.237,590.98804
495,493,494,12.2044917435004,76.2052751010931,502.5926,684.35486,15885.583,1088.3173,-174.07222,528.42114,4834.8184,571.4911
496,493,495,12.2043675821913,76.2052499449376,515.1037,761.0045,16881.156,2082.9539,-457.00186,716.6266,5056.924,799.72266
497,493,496,12.2042434208823,76.205224788782,900.45,838.8279,18425.752,1950.3452,-311.8963,1240.17,5733.776,1315.6351
498,493,497,12.2041192595732,76.2051996326265,1104.1111,669.5524,19505.13,1738.6069,597.75183,1675.4872,7003.874,1559.716
499,493,498,12.2039950982641,76.205174476471,1056.35,695.2818,19255.227,1891.2115,1693.2815,1369.4724,7855.559,1115.0968
500,493,499,12.203870936955,76.2051493203154,817.9889,669.45605,18300.12,2159.065,2041.85,948.14343,8033.124,887.0072
501,493,500,12.2037467756459,76.2051241641599,405.76483,936.41174,17614.225,1727.9846,1317.2148,1444.3949,7157.074,1303.216
502,493,501,12.2036226143368,76.2050990080044,78.97223,971.8936,17072.164,1325.5869,454.40002,1252.3887,6052.9556,1376.1387
503,493,502,12.2034984530277,76.2050738518489,-524.98517,857.8178,16330.991,1751.5989,-386.52777,789.5059,5018.13,889.3544
504,493,503,12.2033742917186,76.2050486956933,-669.22034,613.397,14630.543,1916.5272,-846.6574,904.2931,4682.093,426.41617
505,493,504,12.2032501304096,76.2050235395378,-445.12036,735.6314,13348.533,1184.6263,-1106.5148,849.73444,4643.0576,444.09525
506,493,505,12.2031259691005,76.2049983833823,-253.2574,509.20532,12806.57,976.01196,-1068.4796,905.17596,4853.9907,374.37366
507,493,506,12.2030018077914,76.2049732272267,-103.79074,497.22934,13078.707,1054.0913,-1318.9778,1018.13873,5022.978,412.83398
508,493,507,12.2028776464823,76.2049480710712,-168.96852,621.87006,13615.793,1566.1117,-1601.8574,1057.0068,5421.2812,395.99927
509,493,508,12.2027534851732,76.2049229149157,-26.788895,1070.9506,14804.43,2370.0342,-1746.1111,814.1579,5651.2666,280.12558
510,493,509,12.2026293238641,76.2048977587602,-176.98703,1821.9564,16619.777,3151.2227,-1340.9519,716.1978,5880.4443,276.90256
511,493,510,12.202505162555,76.2048726026047,24.081465,2081.975,18253.836,2952.11,-584.54626,792.87164,6092.843,389.12888
512,493,511,12.202381001246,76.2048474464492,758.0592,2242.3406,19042.145,2254.0715,118.698166,912.4293,6472.4517,439.27786
513,493,512,12.2022568399369,76.2048222902936,1132.9982,1677.5422,19624.02,1639.5399,619.45184,679.75,6671,282.99094
514,493,513,12.2021326786278,76.2047971341381,1229.0592,1326.7861,19181.72,1422.648,476.26852,909.44403,6389.239,649.5834
515,493,514,12.2020085173187,76.2047719779826,767.3222,1156.6067,19341.07,1584.5314,268.46942,987.8382,6148.192,633.13043
